sub_icb_loc_ons_code,sub_icb_loc_name,n_practices,mean_copd008,mean_copd010,mean_overall
E38000006,NHS South Yorkshire ICB - 02P,32,46.138489228056606,55.83512861288809,50.98680892047235
E38000007,NHS Mid and South Essex ICB - 99E,35,39.04778606391552,67.32962772149834,53.18870689270693
E38000008,NHS Nottingham and Nottinghamshire ICB - 02Q,9,31.27066947259391,64.86271143053182,48.06669045156286
E38000014,NHS Lancashire and South Cumbria ICB - 00Q,22,37.30106730500407,77.74821425063878,57.524640777821425
E38000015,NHS Lancashire and South Cumbria ICB - 00R,16,39.46025347817047,59.94730755537276,49.703780516771616
E38000016,NHS Greater Manchester ICB - 00T,49,20.709363282183595,60.99387118711418,40.64029720115722
E38000021,NHS Sussex ICB - 09D,33,35.92748649397241,56.9293445210594,46.42841550751591
E38000024,NHS Greater Manchester ICB - 00V,25,60.93074789269887,50.35444845553014,53.20536825840655
E38000025,NHS West Yorkshire ICB - 02T,21,30.676634004837553,58.39383154638811,44.535232775612826
E38000028,NHS Staffordshire and Stoke-on-Trent ICB - 04Y,22,33.14213790737248,61.49547333023462,47.31880561880355
E38000030,NHS Mid and South Essex ICB - 99F,23,45.56175770019776,51.52978284633125,47.71834075804282
E38000034,NHS Lancashire and South Cumbria ICB - 00X,26,48.522835548482085,70.16089372391305,59.34186463619757
E38000044,NHS South Yorkshire ICB - 02X,38,41.33136882466839,55.86728443236266,48.59932662851552
E38000045,NHS Dorset ICB - 11J,73,32.337826413851246,62.09293100762262,47.21537871073693
E38000049,NHS Hertfordshire and West Essex ICB - 06K,50,42.94845312049535,66.53568210971369,54.74206761510452
E38000050,NHS Lancashire and South Cumbria ICB - 01A,48,36.21700948664627,64.27601017013562,50.24650982839094
E38000051,"NHS Leicester, Leicestershire and Rutland ICB - 03W",31,28.74961416441694,68.26962840006885,48.5096212822429
E38000052,NHS Humber and North Yorkshire ICB - 02Y,29,35.41335094026493,59.3590475633978,47.386199251831364
E38000053,NHS Staffordshire and Stoke-on-Trent ICB - 05D,18,40.62070323851238,68.22200084200729,53.422198138931655
E38000062,NHS Gloucestershire ICB - 11M,71,38.60736878907235,58.5758887417217,48.591628765397026
E38000068,NHS Cheshire and Merseyside ICB - 01F,14,45.34482629018708,52.234728151273735,48.78977722073041
E38000079,NHS Hertfordshire and West Essex ICB - 06N,54,39.45837423268614,57.8049029961366,48.63163861441137
E38000080,NHS Greater Manchester ICB - 01D,36,49.19314274794118,57.01829530591693,53.10571902692905
E38000085,NHS Humber and North Yorkshire ICB - 03F,32,35.62493241477114,49.05761710053023,42.34127475765069
E38000086,NHS Suffolk and North East Essex ICB - 06L,35,35.83564960787977,63.31323224443946,49.57444092615962
E38000089,NHS Cornwall and The Isles Of Scilly ICB - 11N,57,28.385943909829095,54.930582166004015,41.658263037916555
E38000091,NHS Cheshire and Merseyside ICB - 01J,25,34.75342511116182,51.227434730331844,42.99042992074683
E38000097,"NHS Leicester, Leicestershire and Rutland ICB - 04C",56,46.87828065999103,76.73348607420394,62.39734264102621
E38000101,NHS Cheshire and Merseyside ICB - 99A,85,50.67317867240737,57.65508617708699,54.16413242474718
E38000106,NHS Mid and South Essex ICB - 06Q,39,44.74736919127441,67.53266811200876,56.14001865164159
E38000117,NHS Suffolk and North East Essex ICB - 06T,32,34.90731717066243,61.7484221694761,48.32786967006927
E38000119,NHS Humber and North Yorkshire ICB - 03H,24,46.74731722379125,64.09160478800194,55.41946100589659
E38000122,NHS Humber and North Yorkshire ICB - 03K,19,33.71789648243417,59.284271711116,46.50108409677508
E38000126,NHS Staffordshire and Stoke-on-Trent ICB - 05G,30,42.363945971488114,57.23464319001189,49.79929458075
E38000127,NHS North East and North Cumbria ICB - 99C,25,39.63959074037419,66.76999399112991,53.20479236575204
E38000130,NHS North East and North Cumbria ICB - 00L,37,27.336146175909494,62.20599859792237,44.77107238691593
E38000135,NHS Greater Manchester ICB - 00Y,39,36.56296796707491,59.11925091639678,47.841109441735846
E38000136,"NHS Buckinghamshire, Oxfordshire and Berkshire West ICB - 10Q",67,45.58028993443633,57.42028517314934,51.50028755379284
E38000137,NHS Hampshire and Isle Of Wight ICB - 10R,12,37.04903870961181,52.305494827292414,44.67726676845211
E38000141,NHS South Yorkshire ICB - 03L,29,32.248311592242544,50.966088059692034,41.607199825967285
E38000143,NHS Greater Manchester ICB - 01G,38,38.55425283740626,49.54238536252928,44.04831909996777
E38000146,NHS South Yorkshire ICB - 03N,76,34.62805581388292,55.91850530013306,45.045464400337714
E38000150,NHS Somerset ICB - 11X,64,49.59393234283407,68.11968837700016,58.85681035991711
E38000153,NHS Staffordshire and Stoke-on-Trent ICB - 05Q,23,37.48120951773659,53.88456751140343,45.68288851457001
E38000161,NHS Cheshire and Merseyside ICB - 01T,29,35.81587674888284,54.24872395992524,45.03230035440404
E38000163,NHS North East and North Cumbria ICB - 00N,21,29.65102820246341,65.17636416328682,47.413696182875114
E38000168,NHS Mid and South Essex ICB - 99G,25,47.86694954856695,54.60621218010847,51.23658086433771
E38000170,NHS Cheshire and Merseyside ICB - 01V,16,34.059972039909425,63.879226758448134,48.969599399178776
E38000172,NHS Cheshire and Merseyside ICB - 01X,32,26.378385084899953,52.098565613472225,39.23847534918609
E38000173,NHS Staffordshire and Stoke-on-Trent ICB - 05V,14,42.99928604731888,54.17725462977005,48.58827033854446
E38000174,NHS Greater Manchester ICB - 01W,36,42.902638637930906,67.15769419586971,55.030166416900315
E38000175,NHS Staffordshire and Stoke-on-Trent ICB - 05W,38,50.119542321167636,67.88887320612248,59.004207763645056
E38000176,NHS North East and North Cumbria ICB - 00P,38,54.932139416802734,68.25341650762867,61.592777962215706
E38000185,NHS Mid and South Essex ICB - 07G,27,44.546036254484974,72.41558847896424,58.48081236672461
E38000187,NHS Greater Manchester ICB - 02A,27,38.064312136664036,63.65350713879097,50.85890963772751
E38000188,NHS Humber and North Yorkshire ICB - 03Q,25,31.40866338252696,60.41589486402803,45.91227912327749
E38000190,NHS West Yorkshire ICB - 03R,34,26.15704242915636,69.91647649590992,48.03675946253314
E38000194,NHS Cheshire and Merseyside ICB - 02E,26,33.334450631387746,52.560225593691804,42.947338112539775
E38000197,NHS Hertfordshire and West Essex ICB - 07H,30,37.85808875604988,62.75883704719656,50.308462901623216
E38000200,NHS Lancashire and South Cumbria ICB - 02G,15,33.39959247430982,66.85971663464915,50.12965455447948
E38000201,"NHS Leicester, Leicestershire and Rutland ICB - 04V",46,34.37101496593509,73.71666329163848,54.04383912878678
E38000204,NHS Suffolk and North East Essex ICB - 07K,24,25.329277100622956,58.06312603306521,41.69620156684408
E38000205,NHS Greater Manchester ICB - 02H,57,33.362354276528144,64.49512708021471,48.928740678371426
E38000208,NHS Cheshire and Merseyside ICB - 12F,47,35.473927675030296,65.25376069584432,50.36384418543731
E38000212,NHS North East and North Cumbria ICB - 13T,60,44.50345581047016,63.88487042367368,54.448300985318
E38000215,NHS North East and North Cumbria ICB - 01H,35,41.557961661733295,61.73088623651306,51.64442394912317
E38000217,NHS Greater Manchester ICB - 14L,83,35.587192335141545,60.26338057238441,47.92528645376298
E38000221,"NHS Buckinghamshire, Oxfordshire and Berkshire West ICB - 15A",44,41.07124356878502,60.4252015721418,50.74822257046341
E38000222,"NHS Bristol, North Somerset and South Gloucestershire ICB - 15C",77,45.63062576687703,60.24894351404374,52.63958315515198
E38000223,"NHS Buckinghamshire, Oxfordshire and Berkshire West ICB - 14Y",48,46.13972008673488,63.92549264031163,55.03260636352326
E38000225,NHS West Yorkshire ICB - 15F,91,28.14451055370133,71.07236653131638,49.453798374631376
E38000226,NHS Lancashire and South Cumbria ICB - 02M,19,36.926000112638775,60.31537569204353,48.62068790234115
E38000227,NHS Lancashire and South Cumbria ICB - 01E,22,35.71083142642757,63.66726857658939,49.689050001508484
E38000228,NHS Lancashire and South Cumbria ICB - 01K,32,46.60668721178055,61.378416398990595,53.992551805385574
E38000230,NHS Devon ICB - 15N,121,28.009168656794433,61.07826911309796,44.543718884946195
E38000231,"NHS Bath and North East Somerset, Swindon and Wiltshire ICB - 92G",89,27.12450969628285,58.319843337298124,42.72217651679048
E38000232,NHS West Yorkshire ICB - 36J,62,41.90607036420387,71.85794655869816,56.544056281094534
E38000233,NHS Cheshire and Merseyside ICB - 27D,78,37.31121332977823,65.06051095715875,51.587713340072476
E38000234,NHS North East and North Cumbria ICB - 84H,61,26.68803415096238,63.92368416685395,45.30585915890816
E38000235,NHS Sussex ICB - 97R,52,39.992491921700235,54.15178459030218,47.0721382560012
E38000236,NHS Herefordshire and Worcestershire ICB - 18C,80,28.784873396906598,67.22711240253776,48.00599289972218
E38000237,NHS Kent and Medway ICB - 91Q,192,39.62625388833684,54.72728821579699,47.09910872831767
E38000238,NHS Lincolnshire ICB - 71E,84,28.659910532897207,66.37908081063021,47.34890096621075
E38000239,NHS Norfolk and Waveney ICB - 26A,105,34.69917299643662,56.59779861231182,45.64848580437422
E38000240,NHS North Central London ICB - 93C,178,42.91026937297641,58.74033221283568,50.82530079290605
E38000241,NHS Humber and North Yorkshire ICB - 42D,51,29.147440870797762,69.57923564005473,49.36333825542625
E38000243,NHS Nottingham and Nottinghamshire ICB - 52R,124,39.8960941690276,60.293908337944664,50.09500125348613
E38000244,NHS South East London ICB - 72Q,198,38.429934343356685,58.20501474366039,48.32143935577279
E38000245,NHS South West London ICB - 36L,178,42.67686007156469,58.73994144291205,50.588521936812626
E38000246,NHS Surrey Heartlands ICB - 92A,104,37.77440371733202,52.93817626684909,45.030056820252305
E38000247,NHS North East and North Cumbria ICB - 16C,80,31.719718231945553,63.61938843280531,47.47130509342577
E38000248,NHS Sussex ICB - 70F,75,35.08892232886796,60.3476497111061,47.718286019987026
E38000249,"NHS Bedfordshire, Luton and Milton Keynes ICB - M1J4Y",95,31.34433366603934,61.10829461371587,46.22631413987761
E38000251,NHS Coventry and Warwickshire ICB - B2M3M,119,28.910828849693345,62.812921051344254,46.087951628154755
E38000252,NHS Frimley ICB - D4U1Y,72,46.76315560121981,58.6116581305015,53.068384543442285
E38000253,NHS Hampshire and Isle Of Wight ICB - D9Y0V,128,36.387986039048684,56.09361212890965,46.183576991775
E38000254,NHS West Yorkshire ICB - X2C4Y,64,32.46376486193205,68.89732238489295,50.840523401605125
E38000255,NHS North East London ICB - A3A8R,273,48.29560972382247,63.64068128560975,55.8041512012562
E38000256,NHS North West London ICB - W2U3Z,351,38.95978128948384,53.18692257922014,45.73447578783037
E38000257,"NHS Shropshire, Telford and Wrekin ICB - M2L0M",51,40.24462300239955,50.39309794004276,45.31886047122116
E38000258,NHS Birmingham and Solihull ICB - 15E,182,35.047763614151975,62.884473412545816,49.015674907138354
E38000259,NHS Black Country ICB - D2P2L,181,29.56802737421913,59.49817625345623,44.41039914025497
E38000260,NHS Cambridgeshire and Peterborough ICB - 06H,88,31.26935915620044,58.877237753308734,45.073298454754585
E38000261,NHS Derby and Derbyshire ICB - 15M,117,37.96470050465804,64.03528602613692,50.99999326539748
E38000262,NHS Northamptonshire ICB - 78H,69,36.36642818201852,55.12096066658712,45.743694424302824
E38000263,NHS Greater Manchester ICB - 01Y,31,22.296903008565163,67.61342397143017,44.955163489997666
