"sub_icb_loc_ons_code","sub_icb_loc_name","n_practices","mean_copd008_patients_receiving_intervention_percentage","mean_copd010_patients_receiving_intervention_percentage","mean_copd_overall_percentage"
"E38000006","NHS South Yorkshire ICB - 02P",32,46.1384892280566,55.8351286128881,50.9871875
"E38000007","NHS Mid and South Essex ICB - 99E",35,39.0477860639155,67.3296277214983,53.1882857142857
"E38000008","NHS Nottingham and Nottinghamshire ICB - 02Q",9,31.2706694725939,64.8627114305318,48.0666666666667
"E38000014","NHS Lancashire and South Cumbria ICB - 00Q",22,37.3010673050041,77.7482142506388,57.5245454545455
"E38000015","NHS Lancashire and South Cumbria ICB - 00R",16,39.4602534781705,59.9473075553728,49.70375
"E38000016","NHS Greater Manchester ICB - 00T",49,20.7093632821836,60.9938711871142,40.6404081632653
"E38000021","NHS Sussex ICB - 09D",33,35.9274864939724,56.9293445210594,46.4284848484848
"E38000024","NHS Greater Manchester ICB - 00V",25,60.9307478926989,50.3544484555301,53.2048
"E38000025","NHS West Yorkshire ICB - 02T",21,30.6766340048376,58.3938315463881,44.5352380952381
"E38000028","NHS Staffordshire and Stoke-on-Trent ICB - 04Y",22,33.1421379073725,61.4954733302346,47.3195454545455
"E38000030","NHS Mid and South Essex ICB - 99F",23,45.5617577001978,51.5297828463313,47.7182608695652
"E38000034","NHS Lancashire and South Cumbria ICB - 00X",26,48.5228355484821,70.160893723913,59.3419230769231
"E38000044","NHS South Yorkshire ICB - 02X",38,41.3313688246684,55.8672844323627,48.5989473684211
"E38000045","NHS Dorset ICB - 11J",73,32.3378264138512,62.0929310076226,47.2158904109589
"E38000049","NHS Hertfordshire and West Essex ICB - 06K",50,42.9484531204954,66.5356821097137,54.742
"E38000050","NHS Lancashire and South Cumbria ICB - 01A",48,36.2170094866463,64.2760101701356,50.2458333333333
"E38000051","NHS Leicester, Leicestershire and Rutland ICB - 03W",31,28.7496141644169,68.2696284000689,48.5086666666667
"E38000052","NHS Humber and North Yorkshire ICB - 02Y",29,35.4133509402649,59.3590475633978,47.3862068965517
"E38000053","NHS Staffordshire and Stoke-on-Trent ICB - 05D",18,40.6207032385124,68.2220008420073,53.4205555555556
"E38000062","NHS Gloucestershire ICB - 11M",71,38.6073687890724,58.5758887417217,48.5914084507042
"E38000068","NHS Cheshire and Merseyside ICB - 01F",14,45.3448262901871,52.2347281512737,48.7914285714286
"E38000079","NHS Hertfordshire and West Essex ICB - 06N",54,39.4583742326861,57.8049029961366,48.6307407407407
"E38000080","NHS Greater Manchester ICB - 01D",36,49.1931427479412,57.0182953059169,53.106
"E38000085","NHS Humber and North Yorkshire ICB - 03F",32,35.6249324147711,49.0576171005302,42.341875
"E38000086","NHS Suffolk and North East Essex ICB - 06L",35,35.8356496078798,63.3132322444395,49.574
"E38000089","NHS Cornwall and The Isles Of Scilly ICB - 11N",57,28.3859439098291,54.930582166004,41.6580701754386
"E38000091","NHS Cheshire and Merseyside ICB - 01J",25,34.7534251111618,51.2274347303318,42.9908
"E38000097","NHS Leicester, Leicestershire and Rutland ICB - 04C",56,46.878280659991,76.7334860742039,62.3971428571429
"E38000101","NHS Cheshire and Merseyside ICB - 99A",85,50.6731786724074,57.655086177087,54.1638823529412
"E38000106","NHS Mid and South Essex ICB - 06Q",39,44.7473691912744,67.5326681120088,56.1397435897436
"E38000117","NHS Suffolk and North East Essex ICB - 06T",32,34.9073171706624,61.7484221694761,48.3275
"E38000119","NHS Humber and North Yorkshire ICB - 03H",24,46.7473172237912,64.0916047880019,55.4195833333333
"E38000122","NHS Humber and North Yorkshire ICB - 03K",19,33.7178964824342,59.284271711116,46.5021052631579
"E38000126","NHS Staffordshire and Stoke-on-Trent ICB - 05G",30,42.3639459714881,57.2346431900119,49.7996666666667
"E38000127","NHS North East and North Cumbria ICB - 99C",25,39.6395907403742,66.7699939911299,53.2044
"E38000130","NHS North East and North Cumbria ICB - 00L",37,27.3361461759095,62.2059985979224,44.7716216216216
"E38000135","NHS Greater Manchester ICB - 00Y",39,36.5629679670749,59.1192509163968,47.84
"E38000136","NHS Buckinghamshire, Oxfordshire and Berkshire West ICB - 10Q",67,45.5802899344363,57.4202851731493,51.4997014925373
"E38000137","NHS Hampshire and Isle Of Wight ICB - 10R",12,37.0490387096118,52.3054948272924,44.6775
"E38000141","NHS South Yorkshire ICB - 03L",29,32.2483115922425,50.966088059692,41.6068965517241
"E38000143","NHS Greater Manchester ICB - 01G",38,38.5542528374063,49.5423853625293,44.0492105263158
"E38000146","NHS South Yorkshire ICB - 03N",76,34.6280558138829,55.9185053001331,45.0456578947368
"E38000150","NHS Somerset ICB - 11X",64,49.5939323428341,68.1196883770002,58.85703125
"E38000153","NHS Staffordshire and Stoke-on-Trent ICB - 05Q",23,37.4812095177366,53.8845675114034,45.6821739130435
"E38000161","NHS Cheshire and Merseyside ICB - 01T",29,35.8158767488828,54.2487239599252,45.0327586206897
"E38000163","NHS North East and North Cumbria ICB - 00N",21,29.6510282024634,65.1763641632868,47.4133333333333
"E38000168","NHS Mid and South Essex ICB - 99G",25,47.866949548567,54.6062121801085,51.236
"E38000170","NHS Cheshire and Merseyside ICB - 01V",16,34.0599720399094,63.8792267584481,48.96875
"E38000172","NHS Cheshire and Merseyside ICB - 01X",32,26.3783850849,52.0985656134722,39.2384375
"E38000173","NHS Staffordshire and Stoke-on-Trent ICB - 05V",14,42.9992860473189,54.17725462977,48.5871428571429
"E38000174","NHS Greater Manchester ICB - 01W",36,42.9026386379309,67.1576941958697,55.03
"E38000175","NHS Staffordshire and Stoke-on-Trent ICB - 05W",38,50.1195423211676,67.8888732061225,59.0042105263158
"E38000176","NHS North East and North Cumbria ICB - 00P",38,54.9321394168027,68.2534165076287,61.5936842105263
"E38000185","NHS Mid and South Essex ICB - 07G",27,44.546036254485,72.4155884789642,58.4818518518519
"E38000187","NHS Greater Manchester ICB - 02A",27,38.064312136664,63.653507138791,50.8588888888889
"E38000188","NHS Humber and North Yorkshire ICB - 03Q",25,31.408663382527,60.415894864028,45.9128
"E38000190","NHS West Yorkshire ICB - 03R",34,26.1570424291564,69.9164764959099,48.0373529411765
"E38000194","NHS Cheshire and Merseyside ICB - 02E",26,33.3344506313877,52.5602255936918,42.9476923076923
"E38000197","NHS Hertfordshire and West Essex ICB - 07H",30,37.8580887560499,62.7588370471966,50.3083333333333
"E38000200","NHS Lancashire and South Cumbria ICB - 02G",15,33.3995924743098,66.8597166346491,50.1286666666667
"E38000201","NHS Leicester, Leicestershire and Rutland ICB - 04V",46,34.3710149659351,73.7166632916385,54.0436956521739
"E38000204","NHS Suffolk and North East Essex ICB - 07K",24,25.329277100623,58.0631260330652,41.6958333333333
"E38000205","NHS Greater Manchester ICB - 02H",57,33.3623542765281,64.4951270802147,48.9278947368421
"E38000208","NHS Cheshire and Merseyside ICB - 12F",47,35.4739276750303,65.2537606958443,50.363829787234
"E38000212","NHS North East and North Cumbria ICB - 13T",60,44.5034558104702,63.8848704236737,54.4476666666667
"E38000215","NHS North East and North Cumbria ICB - 01H",35,41.5579616617333,61.7308862365131,51.6437142857143
"E38000217","NHS Greater Manchester ICB - 14L",83,35.5871923351415,60.2633805723844,47.925421686747
"E38000221","NHS Buckinghamshire, Oxfordshire and Berkshire West ICB - 15A",44,41.071243568785,60.4252015721418,50.7477272727273
"E38000222","NHS Bristol, North Somerset and South Gloucestershire ICB - 15C",77,45.630625766877,60.2489435140437,52.6389473684211
"E38000223","NHS Buckinghamshire, Oxfordshire and Berkshire West ICB - 14Y",48,46.1397200867349,63.9254926403116,55.0329166666667
"E38000225","NHS West Yorkshire ICB - 15F",91,28.1445105537013,71.0723665313164,49.4534065934066
"E38000226","NHS Lancashire and South Cumbria ICB - 02M",19,36.9260001126388,60.3153756920435,48.6221052631579
"E38000227","NHS Lancashire and South Cumbria ICB - 01E",22,35.7108314264276,63.6672685765894,49.6895454545455
"E38000228","NHS Lancashire and South Cumbria ICB - 01K",32,46.6066872117806,61.3784163989906,53.9934375
"E38000230","NHS Devon ICB - 15N",121,28.0091686567944,61.078269113098,44.5440495867769
"E38000231","NHS Bath and North East Somerset, Swindon and Wiltshire ICB - 92G",89,27.1245096962828,58.3198433372981,42.7221348314607
"E38000232","NHS West Yorkshire ICB - 36J",62,41.9060703642039,71.8579465586982,56.5441935483871
"E38000233","NHS Cheshire and Merseyside ICB - 27D",78,37.3112133297782,65.0605109571588,51.5874358974359
"E38000234","NHS North East and North Cumbria ICB - 84H",61,26.6880341509624,63.923684166854,45.3060655737705
"E38000235","NHS Sussex ICB - 97R",52,39.9924919217002,54.1517845903022,47.0723076923077
"E38000236","NHS Herefordshire and Worcestershire ICB - 18C",80,28.7848733969066,67.2271124025378,48.005625
"E38000237","NHS Kent and Medway ICB - 91Q",192,39.6262538883368,54.727288215797,47.09953125
"E38000238","NHS Lincolnshire ICB - 71E",84,28.6599105328972,66.3790808106302,47.3483333333333
"E38000239","NHS Norfolk and Waveney ICB - 26A",105,34.6991729964366,56.5977986123118,45.6488571428571
"E38000240","NHS North Central London ICB - 93C",178,42.9102693729764,58.7403322128357,50.8252808988764
"E38000241","NHS Humber and North Yorkshire ICB - 42D",51,29.1474408707978,69.5792356400547,49.3633333333333
"E38000243","NHS Nottingham and Nottinghamshire ICB - 52R",124,39.8960941690276,60.2939083379447,50.0952845528455
"E38000244","NHS South East London ICB - 72Q",198,38.4299343433567,58.2050147436604,48.3216161616162
"E38000245","NHS South West London ICB - 36L",178,42.6768600715647,58.739941442912,50.5885393258427
"E38000246","NHS Surrey Heartlands ICB - 92A",104,37.774403717332,52.9381762668491,45.0296153846154
"E38000247","NHS North East and North Cumbria ICB - 16C",80,31.7197182319456,63.6193884328053,47.470875
"E38000248","NHS Sussex ICB - 70F",75,35.088922328868,60.3476497111061,47.7182666666667
"E38000249","NHS Bedfordshire, Luton and Milton Keynes ICB - M1J4Y",95,31.3443336660393,61.1082946137159,46.226
"E38000251","NHS Coventry and Warwickshire ICB - B2M3M",119,28.9108288496933,62.8129210513443,46.0882352941176
"E38000252","NHS Frimley ICB - D4U1Y",72,46.7631556012198,58.6116581305015,53.0686111111111
"E38000253","NHS Hampshire and Isle Of Wight ICB - D9Y0V",128,36.3879860390487,56.0936121289096,46.18390625
"E38000254","NHS West Yorkshire ICB - X2C4Y",64,32.463764861932,68.8973223848929,50.84046875
"E38000255","NHS North East London ICB - A3A8R",273,48.2956097238225,63.6406812856098,55.804358974359
"E38000256","NHS North West London ICB - W2U3Z",351,38.9597812894838,53.1869225792201,45.7343428571429
"E38000257","NHS Shropshire, Telford and Wrekin ICB - M2L0M",51,40.2446230023995,50.3930979400428,45.3190196078431
"E38000258","NHS Birmingham and Solihull ICB - 15E",182,35.047763614152,62.8844734125458,49.0156593406593
"E38000259","NHS Black Country ICB - D2P2L",181,29.5680273742191,59.4981762534562,44.4103867403315
"E38000260","NHS Cambridgeshire and Peterborough ICB - 06H",88,31.2693591562004,58.8772377533087,45.0733333333333
"E38000261","NHS Derby and Derbyshire ICB - 15M",117,37.964700504658,64.0352860261369,51.0003418803419
"E38000262","NHS Northamptonshire ICB - 78H",69,36.3664281820185,55.1209606665871,45.7440579710145
"E38000263","NHS Greater Manchester ICB - 01Y",31,22.2969030085652,67.6134239714302,44.9558064516129
NA,NA,9193,NA,NA,NA
